episode,reward,steps
1,-11.0,10
2,-11.2,15
3,-10.5,5
4,-4.699999999999995,35
5,-0.1999999999999975,20
6,-10.5,5
7,-10.5,5
8,-10.1,10
9,-10.5,5
10,-10.5,5
11,-10.5,5
12,-9.9,20
13,-2.5999999999999988,20
14,-7.000000000000002,40
15,-2.1999999999999975,15
16,-7.8999999999999995,5
17,-5.4999999999999964,20
18,-9.3,15
19,-11.5,15
20,-7.1,10
21,-11.0,10
22,-10.5,5
23,-7.199999999999999,5
24,0.6999999999999993,20
25,-3.0999999999999988,20
26,-11.0,10
27,-10.5,5
28,-11.0,10
29,-7.6,20
30,-11.5,15
31,-8.8,25
32,-10.5,20
33,-10.5,5
34,-7.1,20
35,-6.6,15
36,-0.29999999999999893,15
37,-10.5,5
38,-10.4,10
39,-2.299999999999998,20
40,6.699999999999994,60
41,-10.7,10
42,-9.299999999999999,5
43,-11.0,10
44,-0.29999999999999893,35
45,-11.5,15
46,-6.299999999999999,20
47,-10.5,5
48,-10.1,10
49,-10.5,5
50,-11.0,10
51,-10.2,5
52,-6.199999999999999,15
53,-10.5,5
54,-12.0,20
55,-10.999999999999998,60
56,-8.4,10
57,-11.0,10
58,-10.5,5
59,-11.5,15
60,-13.0,30
61,-10.5,5
62,-11.0,10
63,-10.5,5
64,-8.2,15
65,-3.3999999999999977,20
66,-10.5,5
67,-11.0,10
68,-11.1,20
69,-12.0,20
70,-10.5,5
71,-7.8999999999999995,15
72,-12.0,20
73,-10.2,5
74,5.600000000000003,20
75,0.8000000000000007,45
76,-8.0,15
77,-10.5,5
78,-11.0,10
79,-11.5,15
80,-11.0,10
81,-11.0,10
82,-6.899999999999999,10
83,-11.2,15
84,-10.4,10
85,-10.5,5
86,-11.0,10
87,-10.5,5
88,-10.5,5
89,-12.5,25
90,-10.5,5
91,-13.0,30
92,-6.899999999999997,30
93,-0.1999999999999975,20
94,-9.3,20
95,-9.6,5
96,-10.9,15
97,-9.299999999999999,15
98,-11.0,10
99,-10.5,5
100,-10.5,5
101,-11.2,15
102,-13.500000000000002,35
103,-8.2,5
104,-9.200000000000001,20
105,-11.0,10
106,-10.7,10
107,-10.2,5
108,-10.5,5
109,-10.5,5
110,-10.3,30
111,-11.0,10
112,-8.4,15
113,-10.5,5
114,-8.7,15
115,-10.5,5
116,-10.5,5
117,-10.2,5
118,-9.6,20
119,-4.599999999999999,15
120,-10.5,5
121,-6.5,20
122,-3.1999999999999957,45
123,-10.6,15
124,-10.5,5
125,-10.5,5
126,-11.0,10
127,-10.5,5
128,-12.5,25
129,-11.0,10
130,-8.7,20
131,-11.4,20
132,-7.299999999999999,15
133,-11.5,15
134,-6.399999999999999,15
135,-11.0,10
136,3.399999999999997,35
137,-7.199999999999999,35
138,-1.9999999999999982,15
139,-9.6,5
140,-10.2,5
141,-10.7,10
142,-11.7,20
143,-10.0,15
144,3.5,20
145,-11.0,10
146,-11.9,25
147,-7.699999999999999,10
148,-9.1,10
149,-11.5,15
150,-10.5,5
151,-7.1,15
152,-9.8,20
153,-11.0,10
154,-8.0,20
155,-8.1,15
156,-1.1999999999999993,20
157,-9.4,20
158,1.8000000000000025,15
159,-11.5,15
160,-10.5,5
161,-9.299999999999999,5
162,-11.0,10
163,-10.5,5
164,-11.0,10
165,-11.5,15
166,-8.7,20
167,-9.0,15
168,-8.9,5
169,-6.3,15
170,-11.2,15
171,-7.8999999999999995,5
172,-11.0,10
173,-6.3,15
174,-10.9,30
175,-11.0,10
176,-11.0,10
177,-10.5,5
178,-11.0,10
179,-11.2,15
180,-10.7,10
181,-10.200000000000001,40
182,1.400000000000004,45
183,-11.4,20
184,-7.299999999999999,20
185,-10.5,5
186,-10.799999999999999,20
187,-9.4,15
188,-10.2,20
189,-9.600000000000001,30
190,-9.8,30
191,-2.899999999999997,20
192,-9.9,20
193,-10.2,5
194,-0.9999999999999982,15
195,-6.7,30
196,-11.0,10
197,2.900000000000004,35
198,-3.799999999999999,20
199,-7.299999999999998,30
200,-8.9,15
201,-11.1,20
202,-10.5,5
203,-10.1,10
204,9.599999999999989,60
205,-5.699999999999998,10
206,-11.6,25
207,-4.9999999999999964,20
208,-10.5,5
209,-10.5,5
210,-3.599999999999996,20
211,15.899999999999979,60
212,-12.5,25
213,-0.5999999999999979,15
214,-7.4,25
215,-10.5,5
216,-10.5,5
217,-12.5,25
218,-8.4,15
219,-2.599999999999998,20
220,-9.6,15
221,-6.799999999999999,20
222,-4.399999999999997,20
223,-2.9999999999999947,35
224,-9.299999999999999,15
225,-9.9,5
226,-11.5,15
227,-10.5,5
228,-9.7,15
229,2.0000000000000036,40
230,-11.5,15
231,-10.4,10
232,-11.0,10
233,-6.699999999999999,15
234,-4.199999999999999,20
235,-10.9,15
236,-8.7,20
237,-10.799999999999999,20
238,-9.6,30
239,-7.6,15
240,-10.5,5
241,-12.5,25
242,-1.5999999999999925,30
243,-12.3,35
244,-10.5,5
245,-11.0,10
246,-11.6,25
247,-10.5,5
248,-10.5,5
249,-10.1,30
250,1.8000000000000025,15
251,-10.5,5
252,-3.799999999999997,20
253,-10.799999999999999,20
254,-10.299999999999999,15
255,-1.7999999999999883,50
256,-9.4,15
257,-10.5,5
258,-10.2,5
259,-10.4,10
260,-10.5,5
261,-11.5,15
262,-10.5,5
263,-7.6,20
264,-5.099999999999992,30
265,-6.899999999999998,30
266,-12.5,25
267,-10.5,5
268,-2.8999999999999986,20
269,-7.8,20
270,-9.9,20
271,-2.4999999999999964,40
272,-8.1,15
273,-9.400000000000002,30
274,32.79999999999999,65
275,-3.0999999999999943,30
276,-4.4999999999999964,20
277,-10.2,5
278,-10.9,15
279,-10.5,5
280,-11.0,10
281,-3.099999999999998,15
282,6.6,50
283,-10.9,15
284,-8.6,5
285,-10.2,5
286,-11.0,10
287,-10.5,5
288,-5.799999999999998,20
289,3.9000000000000057,50
290,-10.5,5
291,-10.5,5
292,-11.299999999999999,25
293,-11.0,10
294,-10.5,5
295,6.600000000000007,35
296,-5.499999999999999,15
297,-11.0,10
298,10.099999999999982,40
299,-10.799999999999999,20
300,-12.2,25
301,-11.5,15
302,-4.699999999999999,15
303,-12.2,25
304,-8.9,30
305,-10.7,10
306,-2.9999999999999982,35
307,-11.0,35
308,-7.300000000000001,25
309,-11.0,10
310,-4.999999999999998,20
311,-9.0,20
312,-11.4,20
313,-10.1,10
314,-10.5,5
315,22.09999999999995,85
316,-7.1,20
317,-4.299999999999993,70
318,-10.1,10
319,-12.100000000000001,30
320,-10.5,5
321,-6.5,5
322,-7.799999999999999,15
323,-6.4,10
324,-12.2,25
325,-10.2,20
326,9.99999999999998,60
327,-4.799999999999999,20
328,-10.2,5
329,-3.9999999999999982,15
330,10.599999999999989,70
331,-10.4,10
332,-11.5,15
333,5.9,50
334,-6.5,10
335,-10.5,5
336,0.5,20
337,-7.399999999999999,30
338,-10.9,15
339,-10.5,5
340,2.799999999999999,20
341,-13.500000000000002,35
342,-10.5,5
343,-7.699999999999999,15
344,-10.5,5
345,-12.0,20
346,18.199999999999967,85
347,-9.6,5
348,17.599999999999937,90
349,-11.4,20
350,1.4000000000000021,20
351,-8.3,20
352,-2.8999999999999986,20
353,-10.5,5
354,-5.999999999999997,15
355,-10.5,5
356,-3.9999999999999893,50
357,-6.199999999999999,10
358,-2.1999999999999904,50
359,-4.299999999999994,25
360,-9.9,5
361,-11.299999999999999,25
362,-10.5,5
363,-11.0,10
364,5.500000000000005,30
365,-6.8,10
366,-10.9,15
367,1.4000000000000128,60
368,-11.5,15
369,-10.5,20
370,-3.9999999999999947,25
371,-10.7,10
372,-2.8999999999999986,15
373,-4.899999999999994,30
374,-8.0,20
375,-11.4,20
376,-2.4999999999999956,20
377,-3.4999999999999982,20
378,-11.1,20
379,0.7000000000000028,20
380,-9.9,5
381,-8.0,50
382,22.099999999999966,80
383,-8.3,15
384,-10.5,5
385,-11.0,10
386,-4.899999999999996,40
387,-10.5,5
388,-9.9,5
389,9.499999999999998,50
390,-10.5,5
391,-10.5,5
392,-10.2,5
393,19.799999999999933,130
394,-1.6999999999999993,15
395,1.4000000000000004,20
396,-11.8,45
397,-8.5,40
398,-7.099999999999999,15
399,10.599999999999989,50
400,-3.5999999999999925,30
401,-8.4,15
402,-11.5,15
403,-11.5,15
404,-11.0,10
405,-7.0,15
406,1.1000000000000032,15
407,0.40000000000000036,50
408,-5.099999999999993,30
409,-10.7,10
410,-5.899999999999998,40
411,10.299999999999995,50
412,-6.6,20
413,-11.0,10
414,0.4000000000000039,15
415,-12.200000000000001,25
416,1.100000000000005,45
417,26.499999999999957,65
418,-11.6,25
419,16.099999999999966,65
420,6.1,65
421,-13.0,30
422,-0.20000000000000107,20
423,-9.8,30
424,-3.9999999999999982,20
425,-3.799999999999997,20
426,-5.4999999999999964,20
427,-6.1,15
428,-10.2,5
429,18.599999999999973,90
430,-9.0,15
431,10.899999999999997,50
432,-8.4,10
433,3.200000000000003,40
434,-11.5,15
435,-4.199999999999993,30
436,30.29999999999997,80
437,-2.1999999999999984,15
438,9.899999999999954,100
439,-10.5,5
440,-11.2,15
441,-10.2,5
442,-3.299999999999999,20
443,15.599999999999982,45
444,3.200000000000008,35
445,-10.5,5
446,-7.699999999999999,15
447,-10.2,5
448,3.099999999999998,50
449,-5.099999999999992,30
450,-10.299999999999999,15
451,21.29999999999996,80
452,-6.999999999999999,15
453,-10.3,30
454,-12.0,20
455,1.2000000000000046,70
456,28.799999999999955,100
457,-0.29999999999999716,35
458,8.699999999999998,60
459,-3.2999999999999927,30
460,-4.499999999999996,20
461,-5.199999999999993,30
462,-7.6,30
463,-12.700000000000001,30
464,2.9000000000000004,40
465,-11.5,15
466,-11.0,10
467,-5.199999999999993,30
468,-10.5,5
469,-11.5,15
470,8.499999999999991,50
471,-8.600000000000001,30
472,-11.0,10
473,11.299999999999995,40
474,-12.5,25
475,0.5000000000000071,50
476,-7.9,20
477,5.1000000000000085,55
478,31.299999999999947,130
479,-12.1,30
480,-7.700000000000001,30
481,-10.1,10
482,-2.599999999999989,80
483,-5.9,30
484,-8.5,15
485,-11.0,10
486,-9.9,5
487,-10.5,5
488,-8.3,50
489,-5.799999999999999,10
490,-10.5,5
491,0.9999999999999982,50
492,-4.299999999999996,30
493,-11.0,10
494,-9.6,15
495,19.59999999999995,145
496,-10.7,10
497,18.399999999999984,65
498,-0.29999999999999005,70
499,-6.799999999999999,30
500,-2.899999999999994,30
501,50.499999999999915,180
502,-3.499999999999999,20
503,8.499999999999991,60
504,-11.5,15
505,-10.5,5
506,-11.5,15
507,2.3000000000000043,80
508,-9.9,15
509,15.09999999999995,120
510,-10.7,10
511,-9.6,5
512,9.099999999999982,70
513,-10.9,15
514,-10.799999999999999,20
515,-8.100000000000001,30
516,16.799999999999955,70
517,-7.0,25
518,-0.5999999999999979,20
519,-9.9,5
520,-9.9,25
521,-11.5,15
522,11.499999999999977,65
523,-12.700000000000001,30
524,-11.0,10
525,-1.2999999999999954,25
526,-5.999999999999996,25
527,-10.5,5
528,-0.29999999999999893,15
529,-9.1,15
530,-8.5,30
531,14.69999999999998,70
532,27.79999999999999,125
533,19.799999999999905,140
534,-3.6999999999999993,20
535,-1.4999999999999982,20
536,-5.6,15
537,-9.9,25
538,-4.899999999999996,40
539,-8.200000000000001,30
540,18.799999999999955,110
541,-7.800000000000001,30
542,4.4,50
543,-7.199999999999999,5
544,-4.299999999999994,30
545,-11.1,20
546,24.19999999999994,110
547,-5.5,20
548,-10.5,5
549,-10.5,5
550,-9.299999999999999,5
551,-1.4999999999999982,30
552,-9.3,20
553,1.900000000000004,55
554,-6.1999999999999975,20
555,-0.29999999999999893,15
556,-9.5,10
557,1.2000000000000028,20
558,11.99999999999998,60
559,5.499999999999998,50
560,16.09999999999998,100
561,15.399999999999979,65
562,-2.799999999999997,20
563,3.5,50
564,28.099999999999966,80
565,-6.6,15
566,5.9,50
567,-6.299999999999996,40
568,-4.699999999999999,20
569,-9.299999999999999,5
570,-6.199999999999999,20
571,24.99999999999995,110
572,-8.9,20
573,-9.700000000000001,20
574,8.199999999999994,50
575,15.49999999999998,130
576,-9.9,5
577,-10.5,5
578,-8.4,15
579,10.899999999999979,110
580,-6.699999999999998,25
581,-4.299999999999999,20
582,20.399999999999984,70
583,-1.399999999999995,50
584,-5.5,20
585,-10.5,5
586,-8.200000000000001,30
587,-10.7,10
588,-11.5,15
589,-11.0,10
590,-10.5,5
591,-1.9999999999999982,70
592,-5.699999999999995,50
593,-6.399999999999993,30
594,-11.0,10
595,-10.4,10
596,-9.1,15
597,-3.0999999999999908,40
598,-10.5,5
599,16.89999999999997,140
600,1.8000000000000043,50
601,-10.1,10
602,-3.8999999999999897,85
603,-7.6,30
604,-13.0,30
605,-11.0,10
606,-10.299999999999999,15
607,1.5,40
608,1.0000000000000036,40
609,-5.1,20
610,8.299999999999981,70
611,-8.4,20
612,7.199999999999976,90
613,-10.5,5
614,-2.999999999999999,15
615,-2.599999999999997,20
616,-12.0,20
617,-0.3999999999999986,20
618,-9.9,5
619,-0.0999999999999801,100
620,-4.899999999999998,60
621,-7.1,30
622,-3.29999999999999,50
623,-11.0,10
624,9.39999999999999,70
625,-6.299999999999999,20
626,-7.9,30
627,-4.099999999999999,15
628,21.69999999999996,110
629,-6.699999999999997,30
630,-13.0,30
631,-10.5,5
632,-11.0,10
633,-11.0,10
634,4.400000000000002,55
635,-2.0999999999999996,50
636,-8.9,40
637,-11.0,10
638,-5.099999999999998,60
639,21.799999999999926,110
640,-5.799999999999997,20
641,0.5999999999999996,40
642,-3.0999999999999988,35
643,22.699999999999903,130
644,-0.7999999999999989,50
645,-10.2,15
646,-2.099999999999998,20
647,3.4000000000000092,80
648,0.30000000000000604,50
649,-1.9999999999999947,50
650,-5.6,20
651,-7.200000000000001,50
652,17.29999999999996,60
653,-10.4,10
654,18.999999999999964,85
655,-10.5,5
656,1.6000000000000032,40
657,3.5,20
658,0.8000000000000149,60
659,-1.9999999999999982,40
660,4.899999999999967,90
661,1.40000000000002,80
662,25.299999999999976,80
663,14.899999999999961,100
664,-10.6,25
665,-10.2,20
666,-12.100000000000001,30
667,4.400000000000002,40
668,-4.399999999999992,30
669,25.59999999999991,190
670,-7.4,30
671,-8.899999999999999,15
672,-14.000000000000002,40
673,7.199999999999962,80
674,48.49999999999997,160
675,44.09999999999991,210
676,-2.5999999999999943,25
677,-12.5,25
678,5.0,60
679,0.800000000000006,35
680,1.2000000000000135,105
681,-7.800000000000001,20
682,4.300000000000004,20
683,-12.700000000000001,30
684,10.899999999999975,70
685,-3.4999999999999973,20
686,-0.4999999999999982,35
687,-3.8999999999999977,20
688,3.1000000000000068,80
689,-6.1999999999999975,20
690,-0.5999999999999979,50
691,9.299999999999981,70
692,-10.5,5
693,7.999999999999995,50
694,-11.0,10
695,-1.399999999999995,40
696,-9.6,5
697,13.999999999999956,130
698,14.999999999999963,170
699,-10.5,5
700,2.200000000000001,20
701,16.699999999999932,110
702,-11.1,20
703,-9.6,5
704,-10.5,5
705,-4.799999999999999,10
706,-10.5,5
707,4.500000000000005,70
708,-10.2,5
709,-0.9999999999999982,25
710,-10.5,5
711,-7.299999999999999,20
712,-9.299999999999999,15
713,-11.0,10
714,-10.5,5
715,-9.6,5
716,2.7000000000000046,50
717,2.400000000000002,60
718,-11.0,10
719,-12.2,25
720,-1.6999999999999922,60
721,-0.3000000000000007,20
722,-11.0,10
723,-4.999999999999999,15
724,-11.0,10
725,-12.5,25
726,-3.4999999999999947,45
727,-11.0,10
728,-0.6999999999999904,40
729,-12.700000000000001,30
730,-11.4,20
731,12.799999999999942,100
732,-9.200000000000001,30
733,-10.5,5
734,-10.5,5
735,-11.0,10
736,-11.1,50
737,-5.899999999999999,20
738,3.6000000000000085,80
739,-9.9,5
740,-11.4,20
741,-7.1,20
742,4.599999999999996,150
743,-10.5,5
744,0.7000000000000064,40
745,-2.299999999999997,20
746,8.299999999999985,60
747,1.8000000000000131,60
748,16.499999999999943,100
749,-2.6999999999999984,15
750,-3.8999999999999977,20
751,-10.3,40
752,-7.1,20
753,1.2000000000000082,70
754,4.900000000000004,70
755,-3.9999999999999973,20
756,-10.5,5
757,24.399999999999864,170
758,-11.0,10
759,-13.0,30
760,-11.0,10
761,-1.6999999999999993,40
762,-10.5,5
763,2.6000000000000103,50
764,-10.2,20
765,-0.49999999999998934,90
766,-10.5,30
767,-1.7999999999999972,50
768,-5.599999999999994,50
769,-1.0999999999999979,20
770,-12.5,25
771,1.8000000000000078,40
772,-6.1,15
773,50.399999999999906,230
774,2.600000000000005,90
775,-4.599999999999999,20
776,7.8000000000000025,130
777,-8.700000000000001,25
778,15.69999999999998,75
779,-4.9999999999999964,50
780,-6.4,20
781,-11.7,20
782,1.300000000000006,50
783,10.699999999999969,90
784,20.09999999999991,190
785,-4.299999999999994,30
786,-2.1999999999999975,20
787,-11.0,10
788,6.6999999999999975,50
789,-11.0,10
790,11.899999999999979,60
791,13.999999999999966,80
792,6.5999999999999925,40
793,-1.1999999999999975,20
794,-6.8,30
795,-6.199999999999999,10
796,-11.5,40
797,4.700000000000012,50
798,-7.200000000000001,60
799,-5.299999999999997,20
800,0.3000000000000078,60
801,3.7000000000000117,90
802,-1.1999999999999975,40
803,19.699999999999932,110
804,-1.099999999999996,40
805,0.10000000000000142,50
806,-0.09999999999999787,20
807,-1.200000000000001,40
808,-9.4,30
809,4.200000000000001,35
810,-4.499999999999998,60
811,19.599999999999945,165
812,-1.1999999999999975,20
813,-7.8999999999999995,20
814,-1.3999999999999968,70
815,-11.0,10
816,5.200000000000003,45
817,1.7000000000000064,80
818,-7.9999999999999964,45
819,-4.799999999999987,50
820,18.599999999999937,150
821,1.4000000000000075,55
822,14.099999999999993,60
823,5.099999999999996,40
824,-9.9,5
825,-2.8999999999999977,20
826,-4.699999999999998,20
827,-10.5,5
828,-9.9,5
829,-12.5,25
830,10.299999999999978,60
831,-11.8,30
832,-11.2,30
833,-10.5,5
834,-13.0,30
835,3.0000000000000053,60
836,-0.6999999999999904,70
837,-9.299999999999999,5
838,-13.0,30
839,7.9,60
840,-10.5,5
841,-9.9,20
842,8.89999999999999,80
843,-3.6999999999999877,90
844,-8.1,20
845,9.499999999999988,170
846,-8.3,40
847,-0.29999999999999005,80
848,-10.5,40
849,-12.5,25
850,-10.799999999999999,20
851,-6.6,15
852,-2.999999999999994,40
853,1.8000000000000238,120
854,0.5000000000000018,50
855,5.100000000000003,80
856,-11.5,15
857,-4.999999999999994,30
858,3.2000000000000046,80
859,47.099999999999845,250
860,-10.999999999999998,60
861,-4.999999999999995,30
862,-5.199999999999993,30
863,12.799999999999995,60
864,-9.5,10
865,7.499999999999988,60
866,-6.8,20
867,10.399999999999997,50
868,-4.799999999999992,30
869,-10.5,5
870,25.799999999999898,190
871,-9.0,40
872,1.8000000000000131,130
873,16.099999999999966,190
874,-12.5,25
875,7.599999999999961,90
876,-8.0,25
877,18.299999999999955,105
878,-8.4,40
879,17.49999999999973,295
880,-14.5,45
881,29.39999999999997,100
882,-14.5,45
883,61.90000000000004,210
884,-11.0,10
885,-9.6,5
886,-12.2,75
887,18.099999999999866,210
888,17.399999999999956,80
889,-7.300000000000001,60
890,-10.1,10
891,-3.199999999999993,30
892,-12.1,30
893,-14.5,45
894,45.299999999999955,190
895,-3.899999999999995,30
896,13.599999999999968,105
897,-1.299999999999999,40
898,-12.5,25
899,-7.300000000000001,25
900,-5.499999999999999,20
901,-2.0999999999999908,50
902,-1.79999999999999,60
903,43.299999999999955,160
904,-9.6,20
905,-6.1,20
906,-8.600000000000001,25
907,13.799999999999992,65
908,6.799999999999992,60
909,-5.399999999999981,90
910,-7.799999999999999,10
911,-12.5,25
912,-2.9999999999999982,20
913,14.59999999999996,90
914,2.8000000000000025,45
915,10.099999999999996,50
916,-9.7,10
917,-4.899999999999992,30
918,-7.800000000000001,40
919,2.799999999999999,80
920,48.59999999999988,210
921,24.49999999999993,150
922,-10.1,10
923,-7.6,20
924,-3.099999999999996,20
925,64.8000000000002,300
926,-9.3,25
927,-11.0,10
928,-9.299999999999999,5
929,-12.5,25
930,-10.5,5
931,-9.3,25
932,36.99999999999997,145
933,-3.8999999999999932,25
934,-2.6999999999999886,55
935,-10.2,5
936,-5.999999999999995,25
937,-5.499999999999996,70
938,-11.2,25
939,-10.5,5
940,19.59999999999991,130
941,10.99999999999993,125
942,6.099999999999982,50
943,-6.299999999999996,70
944,1.0000000000000018,40
945,-6.499999999999994,30
946,-7.799999999999997,45
947,13.699999999999966,170
948,-12.5,25
949,-11.9,40
950,10.299999999999981,90
951,-4.299999999999993,30
952,-9.9,25
953,87.1000000000002,300
954,-11.499999999999998,65
955,-10.5,5
956,-9.3,55
957,47.89999999999994,180
958,-8.3,30
959,-6.799999999999999,50
960,-10.9,15
961,-12.0,50
962,6.300000000000013,105
963,15.69999999999998,70
964,-11.0,10
965,-9.2,10
966,-10.4,10
967,-8.700000000000001,25
968,2.8000000000000025,70
969,-3.099999999999998,20
970,8.499999999999984,90
971,-11.5,15
972,-13.3,45
973,-11.0,10
974,-3.799999999999999,20
975,-12.5,25
976,0.1999999999999993,80
977,-12.5,25
978,-9.3,50
979,22.399999999999963,70
980,-10.5,5
981,-12.5,25
982,-11.0,10
983,-11.1,20
984,-0.1999999999999833,55
985,-10.5,5
986,-12.5,25
987,-0.5999999999999996,50
988,7.199999999999955,85
989,-4.199999999999998,20
990,-12.5,25
991,-5.500000000000001,50
992,5.800000000000004,65
993,-11.0,10
994,-12.5,25
995,-13.5,85
996,-11.900000000000002,85
997,-12.5,25
998,-12.5,25
999,12.699999999999962,100
1000,-4.699999999999999,15
1001,1.300000000000006,50
1002,-12.5,25
1003,-10.5,5
1004,-10.6,30
1005,-13.600000000000001,45
1006,-12.5,25
1007,-6.5,20
1008,-10.4,10
1009,-10.5,5
1010,-4.1,40
1011,-3.299999999999997,60
1012,-11.499999999999998,65
1013,4.4,90
1014,1.799999999999999,50
1015,-7.800000000000001,30
1016,-11.0,10
1017,-4.999999999999997,20
1018,-11.499999999999998,65
1019,-4.099999999999992,30
1020,-10.800000000000002,85
1021,-7.399999999999997,90
1022,4.900000000000036,205
1023,-11.0,10
1024,-14.5,45
1025,-13.0,30
1026,-12.5,25
1027,-8.700000000000001,25
1028,-11.5,15
1029,-3.899999999999996,20
1030,11.099999999999904,145
1031,-7.899999999999996,45
1032,13.599999999999971,120
1033,-10.9,30
1034,-12.5,25
1035,1.200000000000026,85
1036,2.800000000000013,100
1037,4.1,50
1038,35.79999999999984,285
1039,0.40000000000000213,50
1040,-12.700000000000001,30
1041,-13.900000000000002,45
1042,-11.7,20
1043,-10.5,5
1044,-8.3,30
1045,-4.899999999999997,65
1046,-7.699999999999999,105
1047,4.600000000000005,85
1048,-7.6000000000000005,25
1049,-9.9,15
1050,-12.5,25
1051,9.899999999999986,60
1052,-11.7,20
1053,5.700000000000012,170
1054,-11.499999999999998,65
1055,-8.8,10
1056,-11.0,10
1057,-10.5,5
1058,-12.5,25
1059,-5.399999999999994,25
1060,-4.599999999999956,225
1061,-12.000000000000002,85
1062,-10.1,10
1063,-11.0,10
1064,-11.499999999999998,65
1065,-10.5,5
1066,-8.400000000000002,65
1067,27.999999999999943,110
1068,-5.999999999999996,65
1069,8.000000000000016,180
1070,-14.5,45
1071,-3.999999999999992,140
1072,-10.9,40
1073,-13.0,30
1074,-13.0,30
1075,-4.8999999999999995,55
1076,-4.399999999999999,10
1077,8.400000000000022,270
1078,-6.3,15
1079,-14.5,45
1080,-9.2,20
1081,6.6999999999999975,60
1082,-8.8,40
1083,-7.600000000000001,25
1084,-12.5,25
1085,-9.500000000000002,60
1086,15.699999999999926,170
1087,-9.8,30
1088,-5.499999999999997,60
1089,-11.9,25
1090,-7.799999999999995,185
1091,-10.2,5
1092,-12.5,25
1093,-7.5,40
1094,-2.9999999999999964,90
1095,-12.1,30
1096,-11.0,10
1097,-11.0,10
1098,-10.5,5
1099,6.300000000000063,215
1100,-12.5,25
1101,-12.5,25
1102,-7.399999999999999,80
1103,-12.5,25
1104,-8.599999999999998,50
1105,0.7000000000000046,90
1106,7.700000000000008,110
1107,-6.89999999999999,50
1108,-11.0,45
1109,-11.3,35
1110,8.200000000000001,50
1111,-2.699999999999994,50
1112,-12.5,25
1113,0.40000000000000213,40
1114,-9.0,50
1115,-5.099999999999987,45
1116,6.000000000000002,70
1117,-6.499999999999987,50
1118,1.8000000000000043,70
1119,-11.5,45
1120,-5.3,105
1121,-6.999999999999993,125
1122,-9.9,30
1123,-9.799999999999999,10
1124,5.599999999999996,65
1125,-14.5,45
1126,-8.3,30
1127,-7.799999999999999,20
1128,-5.999999999999979,85
1129,-8.2,10
1130,-5.5,30
1131,-5.399999999999994,85
1132,-4.7999999999999945,160
1133,-7.9,30
1134,60.999999999999815,300
1135,0.9000000000000234,170
1136,-5.099999999999996,50
1137,-3.3999999999999906,40
1138,-4.599999999999994,25
1139,2.3000000000000025,80
1140,1.5000000000000053,90
1141,-7.6,20
1142,-6.8999999999999995,20
1143,-9.5,20
1144,10.099999999999989,220
1145,-11.5,15
1146,-5.399999999999991,90
1147,-5.2999999999999945,30
1148,-10.700000000000001,40
1149,19.19999999999989,190
1150,-10.799999999999999,30
1151,-13.0,30
1152,-0.8999999999999968,70
1153,-10.7,10
1154,-8.0,65
1155,-10.799999999999997,150
1156,-10.299999999999999,15
1157,-14.5,45
1158,-5.199999999999996,65
1159,-9.2,50
1160,1.9000000000000004,100
1161,5.100000000000007,130
1162,-4.999999999999998,50
1163,-5.599999999999999,20
1164,-10.5,5
1165,3.8000000000000096,40
1166,-11.2,30
1167,-10.5,5
1168,15.999999999999977,120
1169,9.699999999999976,70
1170,-1.3000000000000007,20
1171,-13.0,30
1172,18.19999999999994,120
1173,-12.5,25
1174,-9.5,30
1175,31.699999999999896,210
1176,-12.5,25
1177,-4.299999999999977,130
1178,-11.7,20
1179,-7.199999999999999,20
1180,0.7000000000000188,100
1181,-8.6,5
1182,44.6999999999998,300
1183,-11.0,10
1184,31.799999999999883,265
1185,9.899999999999979,130
1186,-7.5,20
1187,-10.200000000000001,100
1188,-11.2,30
1189,-5.4999999999999964,90
1190,-6.4,50
1191,-4.099999999999999,20
1192,-10.5,5
1193,7.299999999999999,70
1194,13.899999999999965,100
1195,1.9000000000000075,60
1196,3.4999999999999982,70
1197,-6.099999999999996,70
1198,19.49999999999993,230
1199,-10.5,5
1200,-8.8,30
1201,-6.799999999999999,30
1202,13.099999999999985,120
1203,8.69999999999999,230
1204,-5.3,40
1205,-10.799999999999999,20
1206,-10.4,10
1207,-7.699999999999999,40
1208,6.400000000000004,70
1209,-10.100000000000001,50
1210,1.500000000000007,60
1211,-12.4,30
1212,-7.199999999999999,5
1213,-9.200000000000001,30
1214,-4.19999999999999,80
1215,4.10000000000001,185
1216,-11.0,10
1217,-9.9,30
1218,21.79999999999996,90
1219,4.600000000000012,150
1220,-13.0,30
1221,2.9000000000000163,170
1222,-10.5,5
1223,-3.099999999999996,50
1224,10.799999999999974,170
1225,-9.9,5
1226,21.999999999999943,100
1227,-2.9999999999999964,20
1228,27.899999999999977,150
1229,22.599999999999895,150
1230,1.200000000000001,50
1231,6.700000000000015,135
1232,14.599999999999854,265
1233,-1.499999999999993,60
1234,-13.600000000000001,45
1235,11.699999999999976,210
1236,-9.9,20
1237,-1.2999999999999936,25
1238,19.099999999999888,145
1239,30.599999999999937,185
1240,-5.099999999999991,40
1241,-13.0,30
1242,-10.799999999999999,20
1243,25.899999999999885,210
1244,22.59999999999993,170
1245,-9.1,15
1246,13.599999999999815,265
1247,-10.6,30
1248,-14.2,45
1249,23.499999999999844,200
1250,-9.0,15
1251,2.700000000000008,70
1252,1.800000000000022,105
1253,-4.799999999999999,10
1254,3.400000000000013,50
1255,6.900000000000011,50
1256,-6.499999999999999,110
1257,-14.2,45
1258,11.200000000000001,125
1259,24.299999999999862,185
1260,-8.100000000000001,30
1261,-7.0,20
1262,-3.599999999999995,65
1263,-8.099999999999998,80
1264,-5.9999999999999964,40
1265,-10.1,30
1266,-10.9,15
1267,3.8000000000000025,40
1268,-13.500000000000002,35
1269,2.5000000000000124,110
1270,-10.9,30
1271,2.0999999999999996,110
1272,25.999999999999964,180
1273,-6.899999999999986,200
1274,0.8000000000000007,65
1275,4.7000000000000135,65
1276,-10.1,10
1277,3.0000000000000018,40
1278,23.199999999999953,80
1279,-10.5,5
1280,-9.5,40
1281,8.50000000000004,180
1282,-10.5,5
1283,-9.799999999999999,10
1284,-3.199999999999992,90
1285,-8.0,35
1286,-14.5,45
1287,12.699999999999983,65
1288,-2.299999999999983,110
1289,-7.499999999999999,10
1290,-14.2,45
1291,-10.5,5
1292,-6.399999999999999,40
1293,-10.7,10
1294,-6.9,50
1295,-11.0,10
1296,-13.0,30
1297,3.8000000000000114,125
1298,-10.499999999999996,105
1299,-8.500000000000002,30
1300,-7.699999999999999,20
1301,-8.8,20
1302,-14.5,45
1303,1.7763568394002505e-15,55
1304,2.200000000000033,165
1305,-8.200000000000003,90
1306,-5.6999999999999975,40
1307,-1.9999999999999645,190
1308,-9.9,5
1309,-5.499999999999998,20
1310,-3.5999999999999917,50
1311,-11.0,10
1312,0.5999999999999979,70
1313,-4.599999999999999,20
1314,-13.0,30
1315,17.29999999999997,150
1316,-12.8,40
1317,-10.5,5
1318,-11.5,15
1319,10.799999999999956,85
1320,-6.099999999999997,65
1321,-8.700000000000001,25
1322,2.400000000000004,50
1323,-14.5,45
1324,-10.5,5
1325,-9.9,25
1326,-11.0,10
1327,-6.5,20
1328,-1.9000000000000004,20
1329,-7.5,30
1330,-13.5,50
1331,6.599999999999996,50
1332,-10.300000000000006,190
1333,-7.4,70
1334,-11.0,10
1335,8.69999999999999,60
1336,-10.6,115
1337,4.400000000000004,90
1338,-5.499999999999996,125
1339,-11.0,10
1340,-10.5,5
1341,-13.0,30
1342,-10.9,30
1343,-10.6,65
1344,15.799999999999821,290
1345,-14.000000000000002,40
1346,-7.100000000000001,50
1347,-10.4,10
1348,-13.0,30
1349,-6.899999999999995,30
1350,-7.300000000000001,65
1351,6.099999999999957,90
1352,-2.7999999999999954,70
1353,-2.9999999999999885,50
1354,-6.999999999999999,15
1355,-6.799999999999995,30
1356,-11.0,10
1357,24.299999999999933,190
1358,26.099999999999987,160
1359,-1.1000000000000014,50
1360,-1.1999999999999833,110
1361,-10.500000000000002,70
1362,-6.8999999999999915,90
1363,-12.700000000000001,45
1364,3.4000000000000092,110
1365,1.6000000000000387,190
1366,-8.500000000000002,30
1367,6.299999999999978,125
1368,16.899999999999956,90
1369,-5.499999999999998,20
1370,14.299999999999924,190
1371,5.999999999999984,70
1372,-11.2,30
1373,-13.2,50
1374,19.899999999999885,210
1375,-4.299999999999998,50
1376,5.5000000000000195,210
1377,21.89999999999987,230
1378,15.499999999999945,110
1379,20.199999999999925,125
1380,1.6000000000000103,55
1381,15.499999999999948,160
1382,-13.0,30
1383,-10.299999999999999,40
1384,-0.7999999999999883,90
1385,2.0000000000000124,130
1386,24.799999999999805,230
1387,30.899999999999892,290
1388,-2.1999999999999957,70
1389,-2.6999999999999957,65
1390,4.700000000000015,105
1391,-10.5,5
1392,8.199999999999987,110
1393,-8.6,50
1394,-10.2,5
1395,-4.899999999999986,90
1396,6.199999999999994,150
1397,-12.5,25
1398,-10.5,5
1399,-9.100000000000001,65
1400,-5.0,70
1401,-13.8,50
1402,9.79999999999997,110
1403,3.0000000000000018,50
1404,23.299999999999926,180
1405,5.9,55
1406,4.000000000000014,60
1407,-7.499999999999996,85
1408,17.99999999999995,150
1409,-9.5,30
1410,16.19999999999999,70
1411,-8.700000000000001,55
1412,-5.499999999999992,30
1413,-9.8,40
1414,-2.7999999999999883,85
1415,-5.0999999999999925,30
1416,-10.5,5
1417,-1.0999999999999837,105
1418,8.599999999999993,205
1419,14.99999999999998,70
1420,-7.4,20
1421,24.999999999999858,250
1422,15.099999999999982,70
1423,-1.1999999999999922,80
1424,-6.4,40
1425,-12.1,30
1426,-13.0,30
1427,-5.3999999999999995,10
1428,0.2000000000000135,60
1429,-1.2999999999999954,90
1430,-6.3,20
1431,-10.699999999999998,60
1432,-13.0,30
1433,51.399999999999864,300
1434,-9.5,30
1435,6.600000000000003,70
1436,-7.1000000000000005,55
1437,22.799999999999955,90
1438,10.099999999999993,110
1439,22.199999999999918,205
1440,-2.9999999999999734,90
1441,15.799999999999985,65
1442,22.099999999999973,80
1443,-14.999999999999998,50
1444,-3.1999999999999984,45
1445,-8.4,30
1446,-7.8999999999999995,5
1447,1.8000000000000025,65
1448,1.8000000000000078,75
1449,-12.700000000000001,30
1450,-8.9,20
1451,4.100000000000001,65
1452,26.399999999999956,185
1453,0.600000000000005,100
1454,12.099999999999996,60
1455,13.799999999999967,100
1456,-3.299999999999989,110
1457,29.399999999999928,150
1458,-3.499999999999999,45
1459,21.899999999999913,105
1460,-5.3,40
1461,-5.300000000000001,50
1462,-6.09999999999999,90
1463,0.10000000000000142,20
1464,-13.0,30
1465,-5.499999999999992,30
1466,4.700000000000006,65
1467,-7.699999999999999,20
1468,-11.0,10
1469,-3.799999999999997,40
1470,-9.9,5
1471,-12.0,20
1472,-0.29999999999999716,50
1473,-5.599999999999999,55
1474,-8.5,10
1475,-14.2,45
1476,-8.400000000000002,45
1477,-8.6,5
1478,-12.1,30
1479,10.999999999999984,80
1480,68.89999999999993,300
1481,-6.099999999999998,20
1482,-9.000000000000002,55
1483,-3.399999999999995,50
1484,-6.099999999999993,35
1485,-10.5,5
1486,-4.399999999999986,50
1487,16.29999999999994,110
1488,-8.4,10
1489,-9.000000000000002,50
1490,43.79999999999997,160
1491,-10.799999999999999,20
1492,-5.799999999999989,45
1493,-7.499999999999999,20
1494,-3.6999999999999904,40
1495,12.599999999999982,70
1496,-0.9999999999999858,90
1497,-10.499999999999998,55
1498,-12.0,45
1499,-10.5,5
1500,-7.4,15
1501,42.099999999999895,230
1502,-7.199999999999999,5
1503,5.799999999999981,140
1504,-12.4,30
1505,6.000000000000002,70
1506,-11.0,10
1507,-9.400000000000002,40
1508,-13.500000000000002,35
1509,41.299999999999976,110
1510,-9.700000000000001,40
1511,9.29999999999996,90
1512,-11.000000000000002,90
1513,-10.8,50
1514,29.1,145
1515,45.599999999999945,240
1516,-4.599999999999999,20
1517,32.39999999999998,120
1518,-9.700000000000001,30
1519,0.6000000000000103,85
1520,18.59999999999993,230
1521,-12.200000000000001,40
1522,-10.5,5
1523,10.699999999999976,85
1524,-10.5,5
1525,0.09999999999999964,20
1526,-9.700000000000001,30
1527,-9.599999999999998,65
1528,-1.9000000000000004,110
1529,5.300000000000001,70
1530,16.09999999999996,85
1531,-0.3999999999999986,65
1532,-11.5,15
1533,-2.7999999999999723,150
1534,-11.0,10
1535,17.899999999999913,130
1536,-3.699999999999994,50
1537,-8.2,30
1538,9.199999999999962,90
1539,-11.5,15
1540,-9.5,10
1541,5.300000000000006,50
1542,0.10000000000000497,50
1543,-8.5,30
1544,-3.1999999999999984,20
1545,-5.699999999999993,30
1546,7.299999999999981,110
1547,15.59999999999994,120
1548,-13.0,30
1549,-10.5,5
1550,4.300000000000004,50
1551,-11.0,10
1552,3.6000000000000068,70
1553,-12.4,45
1554,19.999999999999922,145
1555,-14.999999999999998,50
1556,3.7000000000000135,90
1557,-10.5,5
1558,-4.599999999999999,20
1559,10.999999999999948,110
1560,-3.799999999999992,30
1561,-9.0,20
1562,12.299999999999953,110
1563,29.79999999999997,140
1564,-12.4,45
1565,14.799999999999864,170
1566,-0.1999999999999993,20
1567,0.7000000000000224,125
1568,-7.8999999999999995,5
1569,38.499999999999936,210
1570,2.6999999999999993,90
1571,-3.6999999999999957,65
1572,-6.399999999999999,50
1573,-12.5,25
1574,21.399999999999913,240
1575,-10.299999999999999,25
1576,1.8000000000000043,70
1577,-2.899999999999996,50
1578,19.69999999999991,220
1579,-13.900000000000002,45
1580,10.999999999999991,70
1581,1.0000000000000036,65
1582,-11.5,15
1583,4.900000000000002,55
1584,44.299999999999876,300
1585,-10.5,5
1586,-10.4,10
1587,31.399999999999913,145
1588,-2.099999999999998,60
1589,21.699999999999953,90
1590,-11.0,10
1591,-4.899999999999999,20
1592,-6.499999999999998,50
1593,-1.799999999999999,20
1594,4.600000000000007,70
1595,-6.999999999999998,20
1596,-6.9,20
1597,8.199999999999973,85
1598,9.1,65
1599,0.10000000000000497,65
1600,-10.5,5
1601,-10.5,5
1602,3.400000000000018,90
1603,0.4000000000000039,40
1604,-13.9,45
1605,-9.8,45
1606,22.5,225
1607,-7.0,65
1608,-5.299999999999993,30
1609,-5.5,50
1610,23.199999999999818,270
1611,-11.5,30
1612,-5.699999999999999,20
1613,52.89999999999984,300
1614,23.500000000000007,125
1615,0.8000000000000025,70
1616,-10.5,5
1617,-3.899999999999997,20
1618,-8.600000000000001,30
1619,-6.199999999999996,30
1620,0.0,50
1621,-6.999999999999998,30
1622,-11.0,10
1623,-13.0,30
1624,17.69999999999998,140
1625,-8.200000000000003,60
1626,23.499999999999922,130
1627,-7.8999999999999995,5
1628,105.6000000000004,300
1629,-4.899999999999995,30
1630,-10.5,5
1631,8.799999999999963,90
1632,-4.9,45
1633,27.599999999999902,205
1634,-6.499999999999994,30
1635,12.899999999999975,145
1636,56.9000000000001,300
1637,-0.5999999999999925,90
1638,-9.9,55
1639,36.39999999999995,190
1640,7.600000000000017,125
1641,-5.29999999999999,35
1642,-10.499999999999998,55
1643,-9.600000000000001,35
1644,-8.300000000000004,165
1645,-3.5999999999999934,35
1646,-10.700000000000005,135
1647,-2.799999999999981,85
1648,17.899999999999864,160
1649,0.30000000000000604,85
1650,1.2000000000000135,85
1651,-8.700000000000001,45
1652,13.599999999999953,135
1653,-0.4000000000000039,40
1654,39.799999999999834,300
1655,15.299999999999942,245
1656,-8.6,5
1657,-5.1,20
1658,1.20000000000001,85
1659,-6.299999999999997,65
1660,-10.5,5
1661,7.2000000000000295,160
1662,57.09999999999983,300
1663,15.399999999999972,165
1664,-11.0,10
1665,-11.9,25
1666,12.299999999999974,70
1667,-7.800000000000001,40
1668,-10.5,5
1669,7.1,65
1670,-14.000000000000002,40
1671,17.999999999999922,125
1672,15.799999999999907,130
1673,-6.600000000000001,50
1674,16.69999999999991,125
1675,-11.0,10
1676,39.899999999999935,190
1677,79.80000000000003,300
1678,-11.0,10
1679,-11.0,10
1680,14.19999999999992,140
1681,8.799999999999985,130
1682,3.700000000000024,145
1683,-9.5,25
1684,3.200000000000001,20
1685,18.199999999999953,70
1686,-3.299999999999999,60
1687,-13.900000000000002,45
1688,-11.2,15
1689,-11.200000000000001,35
1690,19.099999999999937,100
1691,-10.5,5
1692,10.200000000000012,105
1693,-10.5,5
1694,60.40000000000003,225
1695,70.80000000000027,170
1696,45.49999999999996,145
1697,42.099999999999866,210
1698,-9.599999999999998,70
1699,44.39999999999991,145
1700,-13.0,30
1701,-12.5,25
1702,12.899999999999983,65
1703,11.39999999999999,115
1704,41.39999999999984,265
1705,25.199999999999932,185
1706,7.399999999999997,65
1707,1.5000000000000018,70
1708,19.499999999999957,145
1709,50.0999999999999,220
1710,5.999999999999991,60
1711,-4.299999999999994,25
1712,5.8999999999999915,100
1713,-12.5,25
1714,-4.599999999999994,30
1715,-6.899999999999997,30
1716,40.09999999999993,145
1717,-10.5,5
1718,-2.8999999999999986,20
1719,-7.0,20
1720,90.40000000000049,300
1721,-10.5,5
1722,-4.5,55
1723,-10.5,5
1724,48.09999999999994,160
1725,25.499999999999986,80
1726,17.299999999999955,145
1727,-11.0,10
1728,-10.5,5
1729,6.700000000000008,45
1730,0.5000000000000018,20
1731,26.699999999999953,145
1732,6.599999999999996,65
1733,-2.6999999999999895,50
1734,-6.799999999999999,10
1735,54.099999999999916,250
1736,97.90000000000039,300
1737,23.89999999999992,135
1738,7.6999999999999975,55
1739,15.599999999999989,65
1740,-6.999999999999999,15
1741,-8.7,20
1742,-1.299999999999999,20
1743,-4.699999999999991,40
1744,66.60000000000005,210
1745,-13.700000000000001,40
1746,-12.000000000000002,50
1747,-9.200000000000001,50
1748,111.20000000000061,300
1749,-4.499999999999992,35
1750,14.19999999999998,75
1751,9.499999999999995,80
1752,-6.399999999999998,65
1753,6.899999999999979,115
1754,34.19999999999996,125
1755,41.19999999999984,245
1756,54.10000000000003,215
1757,41.69999999999998,110
1758,-3.5999999999999934,30
1759,5.5,40
1760,73.80000000000044,300
1761,89.70000000000027,300
1762,-12.700000000000001,30
1763,18.79999999999997,80
1764,-4.399999999999993,30
1765,91.10000000000034,205
1766,-1.8999999999999986,20
1767,-6.6,20
1768,-8.399999999999999,20
1769,14.69999999999994,110
1770,39.99999999999992,200
1771,-3.8999999999999932,40
1772,-12.700000000000001,30
1773,15.899999999999983,70
1774,-11.0,10
1775,33.89999999999998,100
1776,-13.0,30
1777,-12.700000000000001,30
1778,-3.9999999999999982,20
1779,-3.7,45
1780,-2.6999999999999984,30
1781,-10.9,15
1782,-9.100000000000001,30
1783,100.90000000000023,300
1784,5.699999999999992,60
1785,33.19999999999995,85
1786,-2.599999999999998,65
1787,-10.2,40
1788,-5.099999999999995,40
1789,43.000000000000036,160
1790,-7.5,30
1791,76.20000000000043,265
1792,26.79999999999997,150
1793,45.39999999999992,190
1794,16.39999999999997,80
1795,160.70000000000036,300
1796,28.59999999999995,100
1797,3.5999999999999996,50
1798,8.60000000000001,80
1799,2.900000000000004,40
1800,-3.2999999999999936,35
1801,-7.9,50
1802,5.200000000000008,65
1803,29.799999999999876,215
1804,-9.8,40
1805,0.10000000000000675,60
1806,-11.0,10
1807,41.29999999999999,170
1808,-11.0,10
1809,8.900000000000007,70
1810,-12.0,20
1811,-11.0,10
1812,-6.1,30
1813,69.30000000000003,220
1814,-9.700000000000001,40
1815,41.099999999999895,230
1816,5.100000000000003,40
1817,52.19999999999993,230
1818,16.599999999999966,80
1819,20.399999999999956,80
1820,17.69999999999998,80
1821,-4.199999999999999,20
1822,18.599999999999937,100
1823,-7.199999999999999,20
1824,-0.4999999999999982,20
1825,59.70000000000007,175
1826,-11.0,10
1827,-11.0,10
1828,31.99999999999993,175
1829,-6.199999999999996,30
1830,17.099999999999987,95
1831,-11.0,10
1832,2.5,80
1833,62.9,240
1834,27.49999999999995,115
1835,6.39999999999999,40
1836,-10.5,5
1837,13.099999999999975,55
1838,-2.6999999999999975,20
1839,14.59999999999996,120
1840,24.199999999999925,135
1841,-3.8999999999999986,35
1842,33.400000000000006,130
1843,-4.8999999999999995,20
1844,31.199999999999967,120
1845,29.29999999999994,80
1846,57.099999999999916,235
1847,60.80000000000009,170
1848,63.99999999999979,300
1849,0.40000000000000036,35
1850,-10.5,5
1851,-5.699999999999978,95
1852,-5.6999999999999975,15
1853,2.800000000000006,55
1854,29.999999999999986,110
1855,2.799999999999997,45
1856,-4.599999999999999,20
1857,2.1999999999999993,25
1858,-2.3999999999999853,75
1859,-2.499999999999993,40
1860,14.799999999999942,120
1861,-1.3999999999999915,40
1862,5.0000000000000036,75
1863,-0.799999999999983,75
1864,30.099999999999845,160
1865,-11.0,10
1866,-2.199999999999986,80
1867,-2.4999999999999982,20
1868,5.100000000000001,60
1869,-2.099999999999998,20
1870,-4.399999999999999,20
1871,83.10000000000025,255
1872,-3.599999999999998,40
1873,-4.399999999999995,40
1874,12.99999999999996,90
1875,3.2000000000000064,60
1876,-4.199999999999998,20
1877,12.99999999999993,120
1878,0.5000000000000018,20
1879,31.399999999999935,100
1880,1.1999999999999993,45
1881,2.700000000000001,135
1882,67.20000000000024,270
1883,10.99999999999997,100
1884,4.800000000000001,40
1885,-11.7,20
1886,6.899999999999997,40
1887,-2.1999999999999975,55
1888,62.600000000000115,215
1889,-0.29999999999998117,85
1890,96.70000000000029,300
1891,38.699999999999875,140
1892,19.599999999999945,135
1893,-3.6999999999999913,80
1894,6.6999999999999975,35
1895,63.10000000000036,295
1896,32.3999999999999,195
1897,96.00000000000041,300
1898,8.199999999999994,45
1899,0.40000000000000213,35
1900,-8.8,20
1901,31.09999999999986,160
1902,35.99999999999999,165
1903,12.99999999999998,60
1904,15.199999999999983,95
1905,-11.0,10
1906,-10.5,5
1907,107.10000000000036,265
1908,-12.0,20
1909,-9.5,45
1910,4.6000000000000085,65
1911,32.699999999999925,145
1912,3.1999999999999957,65
1913,2.1000000000000103,90
1914,6.700000000000012,75
1915,48.599999999999994,180
1916,-4.999999999999997,60
1917,4.600000000000014,100
1918,1.0000000000000089,80
1919,-5.9999999999999964,60
1920,57.49999999999999,300
1921,-2.7999999999999954,35
1922,-1.399999999999988,55
1923,-1.399999999999995,40
1924,79.20000000000023,300
1925,-6.2,35
1926,19.799999999999947,135
1927,-10.5,5
1928,-5.099999999999998,40
1929,80.60000000000015,300
1930,4.200000000000006,55
1931,11.399999999999986,65
1932,-0.7999999999999918,85
1933,11.299999999999978,70
1934,15.099999999999985,80
1935,-0.29999999999999716,45
1936,91.40000000000049,300
1937,3.3000000000000007,45
1938,62.30000000000005,220
1939,64.60000000000016,180
1940,-9.7,15
1941,7.100000000000003,55
1942,-0.8999999999999968,45
1943,33.69999999999995,110
1944,8.999999999999966,75
1945,11.6,50
1946,-10.5,5
1947,66.00000000000007,215
1948,70.80000000000021,180
1949,-1.5999999999999996,45
1950,-10.5,5
1951,66.59999999999991,300
1952,-7.6,15
1953,40.199999999999974,105
1954,-1.1999999999999957,35
1955,19.499999999999957,115
1956,30.099999999999966,100
1957,3.4000000000000075,50
1958,55.19999999999997,165
1959,6.6999999999999975,75
1960,37.89999999999994,150
1961,130.9000000000006,300
1962,-11.0,10
1963,61.30000000000012,200
1964,5.4999999999999964,65
1965,12.199999999999973,90
1966,29.599999999999966,115
1967,26.099999999999916,130
1968,-11.700000000000001,45
1969,14.49999999999998,60
1970,40.49999999999994,185
1971,42.09999999999988,175
1972,2.599999999999996,80
1973,34.09999999999989,175
1974,36.699999999999925,160
1975,7.1,50
1976,22.599999999999966,85
1977,-11.5,15
1978,82.50000000000037,240
1979,58.09999999999996,185
1980,2.0000000000000053,35
1981,57.399999999999984,140
1982,17.49999999999995,80
1983,32.99999999999989,120
1984,19.79999999999994,95
1985,-10.4,10
1986,-7.200000000000001,35
1987,-11.0,10
1988,-2.1999999999999993,20
1989,4.200000000000017,80
1990,72.80000000000041,255
1991,26.899999999999928,140
1992,2.9000000000000163,65
1993,89.90000000000036,255
1994,-7.199999999999999,5
1995,26.099999999999895,150
1996,-3.9999999999999982,20
1997,-0.7999999999999954,30
1998,57.59999999999999,185
1999,11.399999999999983,90
2000,-3.199999999999993,45
2001,57.79999999999993,220
2002,3.4000000000000075,35
2003,68.79999999999998,250
2004,-10.5,5
2005,42.79999999999993,165
2006,50.0999999999999,205
2007,-10.5,5
2008,29.09999999999995,120
2009,62.799999999999855,300
2010,-10.5,5
2011,19.599999999999987,115
2012,107.20000000000068,295
2013,-1.8999999999999968,35
2014,0.3999999999999986,45
2015,85.30000000000038,255
2016,54.99999999999992,180
2017,12.899999999999986,70
2018,140.90000000000043,300
2019,18.699999999999974,60
2020,17.49999999999997,95
2021,-13.500000000000002,35
2022,30.19999999999991,160
2023,146.7000000000006,300
2024,29.799999999999976,120
2025,10.599999999999968,60
2026,101.2000000000005,300
2027,9.900000000000007,75
2028,132.1000000000007,300
2029,63.399999999999984,105
2030,87.80000000000035,235
2031,58.80000000000003,260
2032,25.89999999999995,80
2033,1.5000000000000053,35
2034,-4.999999999999999,15
2035,-4.099999999999998,50
2036,148.2000000000006,300
2037,20.699999999999967,80
2038,-10.5,5
2039,47.099999999999916,185
2040,-10.5,5
2041,142.1000000000007,300
2042,17.199999999999974,70
2043,75.80000000000031,220
2044,64.90000000000008,130
2045,90.20000000000016,300
2046,89.2000000000007,300
2047,36.999999999999986,125
2048,107.40000000000053,300
2049,13.799999999999985,55
2050,27.799999999999926,115
2051,8.19999999999998,115
2052,129.40000000000046,300
2053,9.499999999999995,35
2054,5.800000000000001,60
2055,75.10000000000016,170
2056,31.899999999999977,110
2057,64.50000000000003,170
2058,7.19999999999999,50
2059,29.299999999999976,95
2060,20.49999999999993,135
2061,3.4000000000000004,35
2062,64.10000000000005,175
2063,33.59999999999993,100
2064,58.20000000000025,220
2065,39.49999999999993,150
2066,39.69999999999994,120
2067,-4.199999999999999,15
2068,18.199999999999967,155
2069,47.49999999999996,175
2070,124.20000000000071,300
2071,111.10000000000035,300
2072,58.30000000000005,150
2073,-2.2999999999999963,30
2074,84.50000000000058,280
2075,6.599999999999996,60
2076,24.099999999999973,80
2077,95.70000000000057,290
2078,23.59999999999996,70
2079,6.699999999999994,40
2080,173.6000000000006,300
2081,1.0999999999999979,20
2082,147.9000000000006,300
2083,145.20000000000067,300
2084,143.50000000000057,300
2085,-11.5,15
2086,36.799999999999876,160
2087,-11.0,10
2088,-10.5,5
2089,29.29999999999997,70
2090,149.90000000000038,300
2091,142.70000000000059,300
2092,16.299999999999983,40
2093,134.00000000000037,240
2094,3.900000000000004,40
2095,136.40000000000083,300
2096,14.399999999999983,50
2097,154.4000000000006,300
2098,-10.5,5
2099,19.49999999999998,75
2100,1.0000000000000018,45
2101,176.7000000000005,300
2102,7.299999999999974,50
2103,99.30000000000044,260
2104,100.50000000000027,220
2105,32.09999999999996,65
2106,18.299999999999976,50
2107,21.79999999999997,90
2108,102.50000000000044,220
2109,10.499999999999988,60
2110,140.50000000000054,300
2111,175.60000000000045,300
2112,31.399999999999956,100
2113,40.69999999999998,125
2114,147.60000000000065,300
2115,90.10000000000025,205
2116,93.4000000000003,175
2117,8.899999999999997,45
2118,50.09999999999997,125
2119,50.999999999999964,120
2120,-10.5,5
2121,11.899999999999986,80
2122,88.3000000000003,220
2123,2.099999999999998,20
2124,-2.4999999999999964,45
2125,141.9000000000005,270
2126,150.30000000000052,265
2127,42.79999999999996,65
2128,-10.5,5
2129,11.19999999999999,50
2130,34.39999999999998,95
2131,78.70000000000013,130
2132,-4.499999999999998,15
2133,-5.899999999999999,20
2134,17.699999999999974,50
2135,37.89999999999997,125
2136,13.099999999999985,50
2137,34.99999999999995,145
2138,72.70000000000016,155
2139,127.4000000000006,255
2140,141.5000000000005,270
2141,156.80000000000055,300
2142,67.80000000000008,130
2143,67.50000000000006,125
2144,0.40000000000000036,20
2145,75.30000000000017,150
2146,-9.9,5
2147,102.6000000000004,260
2148,11.499999999999977,45
2149,-9.6,5
2150,159.40000000000074,300
2151,-9.6,5
2152,113.60000000000052,240
2153,24.099999999999973,75
2154,-10.5,5
2155,14.69999999999998,40
2156,42.09999999999997,100
2157,49.49999999999999,110
2158,135.4000000000005,240
2159,3.200000000000001,20
2160,101.60000000000025,210
2161,-3.6999999999999993,10
2162,33.699999999999974,75
2163,100.00000000000037,215
2164,182.30000000000052,300
2165,142.8000000000005,250
2166,32.599999999999945,120
2167,119.10000000000053,240
2168,129.70000000000047,220
2169,92.10000000000035,190
2170,154.8000000000005,265
2171,34.199999999999974,80
2172,186.20000000000067,300
2173,112.50000000000054,270
2174,24.29999999999999,80
2175,48.69999999999998,80
2176,61.1,125
2177,88.10000000000021,180
2178,-6.5,5
2179,184.20000000000059,300
2180,16.299999999999983,40
2181,156.8000000000005,300
2182,153.70000000000053,300
2183,160.80000000000072,300
2184,31.599999999999987,70
2185,-4.199999999999998,60
2186,33.19999999999998,100
2187,4.900000000000004,50
2188,103.90000000000072,300
2189,57.50000000000002,110
2190,-0.8999999999999986,15
2191,130.90000000000038,300
2192,165.20000000000024,285
2193,4.199999999999999,25
2194,95.30000000000028,220
2195,159.70000000000036,300
2196,-10.5,5
2197,72.7000000000001,190
2198,62.70000000000007,180
2199,68.2000000000001,125
2200,-3.999999999999994,40
2201,-2.1999999999999984,15
2202,183.80000000000044,300
2203,181.80000000000044,300
2204,-8.7,10
2205,34.59999999999997,70
2206,51.79999999999995,125
2207,47.69999999999998,120
2208,201.40000000000055,300
2209,47.6,125
2210,168.50000000000037,300
2211,154.7000000000004,255
2212,-3.6999999999999993,10
2213,35.299999999999976,85
2214,0.5000000000000018,35
2215,67.70000000000013,125
2216,15.79999999999997,70
2217,12.299999999999999,70
2218,142.10000000000065,270
2219,166.2000000000005,300
2220,40.19999999999998,100
2221,-11.0,10
2222,-2.8999999999999977,40
2223,198.00000000000037,300
2224,95.10000000000025,160
2225,-10.5,5
2226,39.99999999999998,75
2227,169.1000000000007,300
2228,100.90000000000046,210
2229,156.1000000000004,265
2230,189.5000000000004,295
2231,42.899999999999956,75
2232,48.099999999999945,80
2233,184.60000000000034,300
2234,12.099999999999989,45
2235,45.099999999999966,100
2236,63.70000000000011,125
2237,119.10000000000045,210
2238,114.00000000000041,185
2239,1.0000000000000018,50
2240,160.4000000000005,300
2241,1.4000000000000021,40
2242,66.2,110
2243,-7.499999999999999,20
2244,120.40000000000035,240
2245,165.20000000000044,300
2246,172.30000000000052,300
2247,100.6000000000003,180
2248,16.099999999999973,50
2249,3.9000000000000057,40
2250,123.80000000000041,215
2251,147.5000000000005,250
2252,181.70000000000059,290
2253,228.60000000000056,300
2254,-10.7,10
2255,-3.6999999999999984,15
2256,16.99999999999998,60
2257,185.00000000000054,300
2258,158.90000000000055,265
2259,12.399999999999997,45
2260,194.50000000000043,300
2261,193.80000000000047,300
2262,217.80000000000055,300
2263,203.4000000000006,300
2264,216.9000000000005,300
2265,137.70000000000053,230
2266,-3.3999999999999986,10
2267,76.80000000000015,125
2268,126.20000000000033,185
2269,204.3000000000006,300
2270,193.40000000000038,300
2271,69.60000000000014,130
2272,30.099999999999987,65
2273,176.5000000000005,300
2274,221.70000000000041,300
2275,144.9000000000004,240
2276,156.50000000000063,265
2277,-2.299999999999998,15
2278,165.2000000000005,245
2279,115.30000000000044,185
2280,204.5000000000006,300
2281,184.90000000000026,270
2282,20.599999999999973,50
2283,88.20000000000019,130
2284,35.899999999999956,65
2285,178.4000000000005,300
2286,202.30000000000058,300
2287,189.30000000000055,300
2288,185.9000000000005,275
2289,155.20000000000033,240
2290,-6.5,5
2291,186.3000000000003,300
2292,-10.5,5
2293,33.19999999999998,55
2294,100.20000000000029,160
2295,128.10000000000036,210
2296,216.60000000000068,300
2297,34.999999999999964,70
2298,38.19999999999998,65
2299,63.200000000000024,95
2300,210.4000000000002,300
2301,204.00000000000034,300
2302,220.3000000000005,300
2303,197.10000000000045,300
2304,46.89999999999997,80
2305,63.40000000000001,100
2306,156.90000000000032,240
2307,100.60000000000024,140
2308,221.40000000000035,300
2309,232.20000000000064,300
2310,170.30000000000044,240
2311,99.10000000000029,160
2312,163.50000000000054,220
2313,72.70000000000005,110
2314,235.10000000000062,300
2315,2.8000000000000025,20
2316,16.299999999999983,40
2317,171.80000000000055,240
2318,113.1000000000003,155
2319,243.2000000000007,300
2320,17.799999999999983,45
2321,170.20000000000053,235
2322,226.50000000000057,300
2323,153.30000000000038,240
2324,149.10000000000048,205
2325,93.6000000000003,165
2326,36.59999999999996,65
2327,-11.0,10
2328,-10.5,5
2329,197.3000000000006,300
2330,221.00000000000043,300
2331,116.20000000000037,180
2332,204.80000000000055,300
2333,181.10000000000034,265
2334,220.70000000000053,300
2335,-4.3999999999999995,10
2336,214.20000000000059,300
2337,84.40000000000015,125
2338,83.00000000000014,130
2339,190.50000000000063,265
2340,-5.499999999999999,10
2341,203.50000000000068,300
2342,127.4000000000004,180
2343,57.199999999999996,100
2344,133.50000000000045,190
2345,129.60000000000036,185
2346,-1.799999999999999,20
2347,236.10000000000085,300
2348,229.00000000000054,300
2349,-10.5,5
2350,60.6,100
2351,257.20000000000067,300
2352,231.80000000000055,300
2353,226.10000000000065,300
2354,72.60000000000008,95
2355,178.90000000000057,235
2356,-4.699999999999999,10
2357,156.5000000000005,240
2358,196.5000000000005,265
2359,138.00000000000037,205
2360,118.40000000000043,180
2361,183.90000000000063,250
2362,216.70000000000053,295
2363,244.90000000000074,300
2364,18.399999999999977,40
2365,234.60000000000045,300
2366,244.3000000000007,300
2367,74.90000000000019,125
2368,180.40000000000066,240
2369,74.20000000000007,110
2370,225.4000000000006,300
2371,227.9000000000008,300
2372,238.40000000000057,300
2373,21.19999999999998,40
2374,221.20000000000044,300
2375,234.7000000000004,300
2376,230.4000000000006,300
2377,161.4000000000005,210
2378,244.50000000000065,300
2379,36.79999999999997,70
2380,253.0000000000008,300
2381,-7.4,10
2382,17.799999999999983,45
2383,262.90000000000083,300
2384,236.2000000000007,300
2385,193.50000000000034,300
2386,230.9000000000007,300
2387,234.30000000000052,300
2388,35.29999999999998,70
2389,85.50000000000016,130
2390,229.20000000000036,300
2391,194.30000000000044,265
2392,214.3000000000007,300
2393,239.9000000000007,300
2394,19.59999999999998,50
2395,221.20000000000064,300
2396,94.60000000000022,140
2397,94.90000000000019,130
2398,253.20000000000076,300
2399,84.50000000000014,115
2400,234.40000000000077,300
2401,242.5000000000007,300
2402,26.599999999999987,70
2403,-10.2,5
2404,228.30000000000058,300
2405,237.1000000000007,300
2406,68.10000000000008,100
2407,246.3000000000006,300
2408,231.60000000000048,300
2409,6.4,35
2410,28.39999999999997,55
2411,248.20000000000078,300
2412,23.49999999999997,65
2413,1.2000000000000028,20
2414,-0.9999999999999982,15
2415,161.50000000000054,215
2416,108.80000000000032,160
2417,210.50000000000065,300
2418,190.30000000000067,240
2419,2.8000000000000025,20
2420,137.50000000000045,185
2421,198.00000000000048,270
2422,253.80000000000072,300
2423,38.39999999999997,65
2424,-10.2,5
2425,7.000000000000002,20
2426,138.90000000000043,175
2427,84.7000000000002,135
2428,216.10000000000048,300
2429,4.600000000000003,20
2430,253.7000000000008,300
2431,128.80000000000038,160
2432,86.0000000000002,140
2433,239.10000000000048,300
2434,42.99999999999996,80
2435,-9.6,5
2436,29.799999999999983,70
2437,-10.1,10
2438,239.9000000000006,300
2439,18.399999999999984,35
2440,71.80000000000008,100
2441,23.799999999999976,50
2442,13.599999999999985,40
2443,245.70000000000064,300
2444,16.099999999999987,40
2445,40.89999999999996,70
2446,1.200000000000001,20
2447,228.30000000000072,290
2448,256.4000000000009,300
2449,259.50000000000085,300
2450,228.70000000000053,300
2451,71.00000000000004,110
2452,99.70000000000023,130
2453,144.7000000000005,185
2454,40.39999999999997,70
2455,77.80000000000013,125
2456,120.40000000000035,160
2457,52.79999999999995,80
2458,82.5000000000001,110
2459,61.199999999999996,80
2460,204.30000000000064,270
2461,105.70000000000027,160
2462,5.100000000000001,45
2463,-10.5,5
2464,71.80000000000008,100
2465,245.20000000000059,300
2466,122.40000000000029,160
2467,69.20000000000005,110
2468,45.59999999999997,70
2469,157.60000000000048,220
2470,42.499999999999964,80
2471,226.8000000000006,300
2472,245.20000000000067,300
2473,101.60000000000028,145
2474,102.00000000000033,150
2475,17.999999999999986,50
2476,5.300000000000004,20
2477,196.6000000000007,265
2478,20.49999999999998,45
2479,25.29999999999997,65
2480,107.30000000000028,155
2481,58.800000000000004,100
2482,239.20000000000064,300
2483,67.20000000000005,100
2484,121.40000000000032,160
2485,-10.5,5
2486,40.99999999999996,70
2487,24.599999999999994,50
2488,22.299999999999976,50
2489,43.899999999999956,70
2490,50.599999999999966,80
2491,265.5000000000008,300
2492,20.899999999999977,40
2493,248.30000000000058,300
2494,256.10000000000065,300
2495,243.3000000000006,300
2496,4.200000000000003,20
2497,260.4000000000008,300
2498,219.90000000000066,285
2499,264.90000000000066,300
2500,144.8000000000005,190
2501,127.80000000000044,180
2502,147.20000000000047,185
2503,54.79999999999996,95
2504,266.2000000000008,300
2505,210.4000000000006,265
2506,207.50000000000054,265
2507,-7.8999999999999995,5
2508,59.799999999999976,95
2509,49.89999999999995,80
2510,194.10000000000045,250
2511,16.49999999999998,45
2512,243.2000000000006,300
2513,189.60000000000056,240
2514,143.1000000000004,185
2515,141.30000000000038,180
2516,9.799999999999995,35
2517,139.80000000000044,180
2518,93.40000000000022,130
2519,192.40000000000046,240
2520,257.3000000000007,300
2521,130.90000000000038,160
2522,254.40000000000077,300
2523,144.80000000000038,190
2524,247.00000000000077,300
2525,27.499999999999964,50
2526,37.99999999999996,80
2527,164.50000000000054,205
2528,96.20000000000022,130
2529,276.30000000000047,300
2530,49.39999999999995,80
2531,255.9000000000007,300
2532,17.69999999999998,35
2533,127.50000000000037,160
2534,265.30000000000075,300
2535,263.80000000000064,300
2536,136.20000000000033,185
2537,224.2000000000006,280
2538,238.90000000000072,300
2539,231.90000000000086,280
2540,66.30000000000005,95
2541,251.30000000000075,300
2542,253.00000000000054,300
2543,17.599999999999987,45
2544,206.0000000000007,270
2545,246.50000000000057,300
2546,235.90000000000052,300
2547,259.2000000000008,300
2548,257.60000000000093,300
2549,2.900000000000004,20
2550,155.00000000000054,190
2551,17.899999999999984,40
2552,143.70000000000033,180
2553,277.0000000000005,300
2554,118.6000000000003,160
2555,261.8000000000007,300
2556,66.80000000000008,100
2557,-9.6,5
2558,141.1000000000004,185
2559,166.90000000000052,210
2560,255.00000000000063,300
2561,264.7000000000009,300
2562,258.5000000000007,300
2563,250.2000000000008,300
2564,248.3000000000006,300
2565,253.6000000000007,300
2566,60.09999999999997,80
2567,248.60000000000085,300
2568,118.70000000000033,155
2569,263.20000000000067,300
2570,44.39999999999997,80
2571,62.9,95
2572,261.4000000000009,300
2573,132.50000000000043,175
2574,94.50000000000026,140
2575,247.10000000000076,300
2576,-10.5,5
2577,83.70000000000013,130
2578,265.7000000000007,300
2579,262.8000000000008,300
2580,257.0000000000008,300
2581,250.1000000000007,300
2582,177.00000000000057,220
2583,231.20000000000067,280
2584,97.7000000000002,125
2585,260.60000000000093,300
2586,262.40000000000043,300
2587,248.80000000000058,300
2588,20.49999999999998,45
2589,271.8000000000005,300
2590,261.20000000000095,300
2591,90.10000000000016,125
2592,237.9000000000008,280
2593,-9.2,5
2594,76.70000000000009,100
2595,15.299999999999988,35
2596,146.00000000000048,185
2597,253.20000000000087,300
2598,11.999999999999973,50
2599,269.70000000000067,300
2600,223.2000000000007,295
2601,269.1000000000005,300
2602,271.0000000000006,300
2603,56.69999999999997,80
2604,203.50000000000074,245
2605,252.10000000000076,300
2606,198.10000000000065,240
2607,19.399999999999977,40
2608,64.30000000000003,95
2609,240.10000000000076,295
2610,270.40000000000055,300
2611,17.69999999999998,35
2612,151.0000000000005,190
2613,90.70000000000016,130
2614,50.39999999999998,80
2615,16.19999999999999,40
2616,19.59999999999998,50
2617,267.4000000000007,300
2618,124.40000000000035,155
2619,259.60000000000076,300
2620,227.90000000000083,270
2621,56.999999999999964,80
2622,102.80000000000024,130
2623,197.9000000000007,240
2624,205.20000000000053,270
2625,27.39999999999997,45
2626,134.50000000000037,160
2627,249.10000000000068,300
2628,147.20000000000047,180
2629,167.20000000000044,205
2630,264.30000000000075,300
2631,-3.299999999999998,15
2632,192.80000000000052,240
2633,-11.0,10
2634,14.299999999999992,35
2635,168.10000000000056,220
2636,254.50000000000077,300
2637,273.60000000000053,300
2638,39.499999999999964,65
2639,-1.1999999999999975,15
2640,275.6000000000004,300
2641,36.19999999999997,55
2642,24.99999999999997,40
2643,40.49999999999997,70
2644,-10.5,5
2645,179.1000000000006,220
2646,191.80000000000064,235
2647,270.90000000000055,300
2648,162.8000000000005,190
2649,205.6000000000007,240
2650,1.200000000000001,20
2651,46.29999999999995,65
2652,102.10000000000024,130
2653,17.999999999999986,40
2654,275.0000000000005,300
2655,97.5000000000002,125
2656,-10.5,5
2657,58.99999999999998,80
2658,-9.6,5
2659,262.70000000000084,300
2660,271.5000000000007,300
2661,191.70000000000053,240
2662,271.9000000000006,300
2663,259.6000000000008,300
2664,-1.5999999999999996,15
2665,91.30000000000018,130
2666,214.10000000000068,265
2667,278.80000000000047,300
2668,149.70000000000047,190
2669,23.599999999999973,40
2670,278.7000000000004,300
2671,199.30000000000067,240
2672,194.7000000000006,235
2673,95.50000000000021,125
2674,-8.9,5
2675,55.19999999999995,75
2676,224.40000000000072,270
2677,116.80000000000037,160
2678,286.40000000000026,300
2679,256.80000000000086,300
2680,225.20000000000047,300
2681,129.90000000000038,160
2682,273.20000000000056,300
2683,27.39999999999997,45
2684,141.20000000000033,190
2685,100.00000000000021,130
2686,128.60000000000036,160
2687,76.70000000000009,95
2688,245.10000000000068,300
2689,244.80000000000092,300
2690,12.399999999999997,40
2691,58.9,100
2692,22.49999999999998,45
2693,196.30000000000064,240
2694,1.2000000000000028,20
2695,-4.599999999999999,15
2696,43.299999999999955,65
2697,245.9000000000006,300
2698,272.70000000000056,300
2699,229.20000000000084,270
2700,134.50000000000037,160
2701,1.5000000000000018,20
2702,100.60000000000025,130
2703,79.10000000000011,100
2704,138.70000000000044,160
2705,21.89999999999997,45
2706,259.3000000000008,300
2707,270.90000000000066,300
2708,152.00000000000045,190
2709,214.20000000000078,240
2710,130.30000000000038,160
2711,107.70000000000027,140
2712,157.1000000000006,190
2713,243.80000000000078,300
2714,263.00000000000085,300
2715,270.50000000000057,300
2716,57.69999999999997,75
2717,168.70000000000047,210
2718,265.5000000000008,300
2719,59.399999999999984,75
2720,65.40000000000003,100
2721,180.50000000000063,235
2722,193.70000000000056,240
2723,87.90000000000016,110
2724,270.90000000000055,300
2725,97.40000000000022,130
2726,263.5000000000008,300
2727,60.79999999999999,80
2728,1.1000000000000032,15
2729,32.59999999999996,50
2730,57.29999999999996,80
2731,-10.7,10
2732,272.50000000000045,300
2733,62.6,95
2734,265.5000000000008,300
2735,181.40000000000046,240
2736,86.10000000000014,110
2737,-10.5,5
2738,140.80000000000044,175
2739,267.9000000000006,300
2740,262.60000000000076,300
2741,147.30000000000044,175
2742,274.3000000000005,300
2743,153.80000000000047,180
2744,67.90000000000003,95
2745,183.40000000000057,220
2746,269.8000000000006,300
2747,237.10000000000088,300
2748,254.5000000000008,300
2749,55.69999999999995,80
2750,155.80000000000052,190
2751,265.90000000000066,300
2752,104.10000000000029,145
2753,259.2000000000008,300
2754,163.10000000000048,220
2755,94.20000000000022,140
2756,63.90000000000001,80
2757,258.0000000000007,300
2758,49.899999999999956,75
2759,267.30000000000064,300
2760,140.2000000000004,180
2761,271.2000000000005,300
2762,128.20000000000036,160
2763,261.0000000000008,300
2764,264.5000000000006,300
2765,268.4000000000007,300
2766,125.10000000000039,160
2767,254.2000000000007,300
2768,265.1000000000007,300
2769,219.2000000000007,275
2770,266.9000000000007,300
2771,266.5000000000006,300
2772,257.10000000000076,300
2773,261.4000000000008,300
2774,263.4000000000008,300
2775,134.50000000000034,160
2776,203.30000000000067,240
2777,268.8000000000007,300
2778,264.1000000000007,300
2779,-10.5,5
2780,84.9000000000001,110
2781,271.20000000000056,300
2782,225.80000000000072,270
2783,270.9000000000006,300
2784,251.10000000000068,300
2785,236.20000000000067,300
2786,239.7000000000007,300
2787,270.70000000000056,300
2788,260.5000000000008,300
2789,250.70000000000076,300
2790,40.099999999999966,65
2791,-1.5999999999999996,15
2792,200.10000000000068,240
2793,245.50000000000094,300
2794,270.2000000000006,300
2795,271.20000000000056,300
2796,174.10000000000056,220
2797,133.8000000000004,175
2798,68.50000000000007,100
2799,260.6000000000007,300
2800,25.09999999999998,50
2801,271.5000000000006,300
2802,210.30000000000058,270
2803,273.8000000000005,300
2804,267.7000000000007,300
2805,273.2000000000005,300
2806,268.10000000000076,300
2807,-0.29999999999999716,15
2808,49.699999999999946,65
2809,263.1000000000005,300
2810,70.60000000000007,95
2811,269.4000000000006,300
2812,252.9000000000006,300
2813,50.39999999999994,65
2814,268.60000000000065,300
2815,58.99999999999998,80
2816,54.79999999999993,80
2817,237.00000000000068,295
2818,46.99999999999995,65
2819,218.10000000000065,270
2820,31.59999999999996,50
2821,67.20000000000003,95
2822,68.90000000000005,95
2823,258.6000000000009,300
2824,-10.5,5
2825,-8.2,5
2826,259.40000000000094,300
2827,276.2000000000005,300
2828,200.30000000000072,240
2829,189.20000000000067,220
2830,233.00000000000082,280
2831,123.80000000000035,150
2832,21.199999999999974,45
2833,227.0000000000008,300
2834,-0.3999999999999986,20
2835,270.1000000000006,300
2836,273.6000000000005,300
2837,267.0000000000007,300
2838,57.999999999999964,80
2839,269.1000000000005,300
2840,4.600000000000003,20
2841,6.3000000000000025,20
2842,157.30000000000052,190
2843,55.09999999999996,80
2844,48.69999999999994,65
2845,254.00000000000048,300
2846,46.99999999999994,65
2847,192.10000000000073,220
2848,266.0000000000006,300
2849,148.8000000000005,190
2850,3.900000000000004,20
2851,264.40000000000066,300
2852,271.0000000000006,300
2853,4.600000000000003,20
2854,101.70000000000023,125
2855,-0.5999999999999979,15
2856,273.6000000000006,300
2857,-9.2,5
2858,188.2000000000006,220
2859,204.70000000000067,270
2860,265.6000000000007,300
2861,25.99999999999997,50
2862,3.600000000000003,20
2863,269.4000000000005,300
2864,233.70000000000076,300
2865,42.99999999999996,65
2866,217.8000000000007,270
2867,272.10000000000053,300
2868,256.2000000000008,300
2869,276.40000000000043,300
2870,90.00000000000016,130
2871,267.5000000000007,300
2872,128.90000000000038,155
2873,61.79999999999999,80
2874,270.10000000000065,300
2875,273.40000000000055,300
2876,20.19999999999998,50
2877,143.40000000000046,175
2878,109.1000000000003,140
2879,197.90000000000072,220
2880,22.19999999999998,40
2881,-10.5,5
2882,6.3000000000000025,20
2883,204.90000000000072,235
2884,263.5000000000006,300
2885,265.8000000000008,300
2886,183.2000000000006,220
2887,286.00000000000034,300
2888,98.80000000000024,130
2889,261.3000000000008,300
2890,272.2000000000006,300
2891,267.7000000000007,300
2892,280.10000000000036,300
2893,9.799999999999995,40
2894,261.0000000000009,300
2895,61.49999999999999,80
2896,117.00000000000033,145
2897,84.80000000000015,115
2898,222.70000000000076,265
2899,246.60000000000056,300
2900,268.6000000000005,300
2901,74.6000000000001,100
2902,103.50000000000023,125
2903,267.2000000000007,300
2904,76.3000000000001,100
2905,267.6000000000006,300
2906,257.10000000000065,300
2907,5.600000000000003,20
2908,11.999999999999995,35
2909,24.699999999999967,50
2910,56.99999999999995,75
2911,53.19999999999994,70
2912,265.10000000000065,300
2913,57.59999999999997,80
2914,220.90000000000074,265
2915,236.20000000000084,300
2916,104.50000000000028,140
2917,178.10000000000053,210
2918,145.7000000000004,190
2919,28.49999999999997,50
2920,265.2000000000008,300
2921,262.1000000000009,300
2922,270.00000000000057,300
2923,0.40000000000000213,15
2924,275.6000000000005,300
2925,277.40000000000043,300
2926,286.1000000000003,300
2927,278.50000000000045,300
2928,251.70000000000059,300
2929,102.30000000000022,130
2930,270.1000000000006,300
2931,87.20000000000016,130
2932,177.80000000000055,205
2933,101.70000000000023,130
2934,14.199999999999987,45
2935,278.4000000000005,300
2936,-3.299999999999999,15
2937,131.4000000000004,160
2938,285.1000000000003,300
2939,277.7000000000004,300
2940,211.80000000000064,270
2941,159.00000000000048,190
2942,230.30000000000078,270
2943,53.19999999999994,80
2944,138.80000000000032,180
2945,257.0000000000008,300
2946,37.099999999999966,65
2947,272.2000000000006,300
2948,272.5000000000006,300
2949,41.79999999999998,65
2950,5.600000000000003,20
2951,268.40000000000066,300
2952,1.5,20
2953,52.09999999999995,70
2954,23.299999999999976,40
2955,186.80000000000064,220
2956,23.399999999999977,45
2957,265.20000000000084,300
2958,136.8000000000004,190
2959,15.799999999999988,40
2960,265.4000000000008,300
2961,187.90000000000057,220
2962,111.3000000000003,140
2963,276.40000000000055,300
2964,130.60000000000034,160
2965,187.60000000000065,220
2966,279.50000000000045,300
2967,272.7000000000006,300
2968,280.8000000000004,300
2969,145.50000000000048,170
2970,226.5000000000008,265
2971,270.80000000000064,300
2972,265.30000000000075,300
2973,93.10000000000018,125
2974,163.9000000000005,205
2975,137.60000000000042,160
2976,109.50000000000027,140
2977,251.30000000000072,295
2978,266.1000000000007,300
2979,269.0000000000006,300
2980,164.20000000000053,190
2981,22.299999999999976,45
2982,269.60000000000053,300
2983,48.099999999999966,80
2984,14.899999999999986,35
2985,242.5000000000005,300
2986,223.90000000000072,265
2987,153.1000000000005,185
2988,228.4000000000009,270
2989,190.4000000000007,220
2990,139.70000000000036,190
2991,90.10000000000018,130
2992,272.8000000000004,300
2993,45.39999999999995,65
2994,180.80000000000072,240
2995,271.0000000000006,300
2996,89.30000000000014,110
2997,274.3000000000005,300
2998,21.49999999999998,40
2999,57.59999999999999,80
3000,26.39999999999997,45
